nombre,url_zip,url_php,descargado,Nodes,Edges,Density,Maximum degree,Minimum degree,Average degree,Assortativity,Number of triangles,Average number of triangles,Maximum number of triangles,Average clustering coefficient,Fraction of closed triangles,Maximum k-core,Lower bound of Maximum Clique,ASPL
scc-infect-hyper,https://nrvis.com/download/data/tscc/scc-infect-hyper.zip,https://networkrepository.com/scc-infect-hyper.php,True,113.0,6200.0,0.983249,112.0,85.0,110.0,-0.0619785,670600.0,5.9,6100.0,0.986349,0.986032,106.0,106.0,1.0167509481668773
soc-anybeat,https://nrvis.com/download/data/soc/soc-anybeat.zip,https://networkrepository.com/soc-anybeat.php,True,12600.0,67100.0,0.000838774,8700.0,1.0,10.0,-0.121888,946700.0,74.0,51000.0,0.227469,0.0182689,50.0,25.0,3.1714862420346632
soc-wiki-Vote,https://nrvis.com/download/data/soc/soc-wiki-Vote.zip,https://networkrepository.com/soc-wiki-Vote.php,True,889.0,2900.0,0.00738252,102.0,1.0,6.0,-0.0287763,6400.0,7.0,251.0,0.152847,0.127349,10.0,6.0,4.096200812736246
econ-mahindas,https://nrvis.com/download/data/econ/econ-mahindas.zip,https://networkrepository.com/econ-mahindas.php,True,1300.0,7600.0,0.00958195,206.0,2.0,12.0,-0.0553489,10500.0,8.0,391.0,0.0608078,0.0376877,41.0,5.0,"Error: Failed to convert nodes %,http://www.cise.ufl.edu/research/sparse/matrices/HB/mahindas to type <class 'int'>."
econ-orani678,https://nrvis.com/download/data/econ/econ-orani678.zip,https://networkrepository.com/econ-orani678.php,True,2500.0,89900.0,0.0281378,1700.0,2.0,71.0,-0.251644,8700000.0,3.4,80800.0,0.365604,0.319219,193.0,77.0,"Error: Failed to convert nodes %,http://www.cise.ufl.edu/research/sparse/matrices/HB/orani678 to type <class 'int'>."
econ-psmigr1,https://nrvis.com/download/data/econ/econ-psmigr1.zip,https://networkrepository.com/econ-psmigr1.php,True,3100.0,540000.0,0.109577,4800.0,5.0,343.0,-0.147258,171300000.0,54.6,947000.0,0.67464,0.367109,371.0,140.0,"Error: Failed to convert nodes %,http://www.cise.ufl.edu/research/sparse/matrices/HB/psmigr_1 to type <class 'int'>."
econ-psmigr2,https://nrvis.com/download/data/econ/econ-psmigr2.zip,https://networkrepository.com/econ-psmigr2.php,True,3100.0,540000.0,0.109577,4800.0,5.0,343.0,-0.147258,171300000.0,54.6,947000.0,0.67464,0.367109,371.0,140.0,"Error: Failed to convert nodes %,http://www.cise.ufl.edu/research/sparse/matrices/HB/psmigr_2 to type <class 'int'>."
econ-psmigr3,https://nrvis.com/download/data/econ/econ-psmigr3.zip,https://networkrepository.com/econ-psmigr3.php,True,3100.0,540000.0,0.109577,4800.0,5.0,343.0,-0.147258,171300000.0,54.6,947000.0,0.67464,0.367109,371.0,140.0,"Error: Failed to convert nodes %,http://www.cise.ufl.edu/research/sparse/matrices/HB/psmigr_3 to type <class 'int'>."
tech-pgp,https://nrvis.com/download/data/tech/tech-pgp.zip,https://networkrepository.com/tech-pgp.php,True,10700.0,24300.0,0.000426824,206.0,1.0,4.0,0.239454,164900.0,15.0,2300.0,0.26598,0.377912,32.0,17.0,7.4855400514784
tech-routers-rf,https://nrvis.com/download/data/tech/tech-routers-rf.zip,https://networkrepository.com/tech-routers-rf.php,True,2100.0,6600.0,0.00297222,109.0,1.0,6.0,0.0191614,31200.0,14.0,588.0,0.246429,0.22826,16.0,15.0,4.607423471582842
tech-WHOIS,https://nrvis.com/download/data/tech/tech-WHOIS.zip,https://networkrepository.com/tech-WHOIS.php,True,7500.0,56900.0,0.00203793,1100.0,1.0,15.0,-0.0424688,2300000.0,314.0,22300.0,0.488923,0.306151,89.0,37.0,3.543336572237403
tech-as-caida2007,https://nrvis.com/download/data/tech/tech-as-caida2007.zip,https://networkrepository.com/tech-as-caida2007.php,True,26500.0,53400.0,0.000152321,2600.0,1.0,4.0,-0.194646,109100.0,4.0,3800.0,0.208233,0.00731873,23.0,16.0,3.8756474080472203
tech-internet-as,https://nrvis.com/download/data/tech/tech-internet-as.zip,https://networkrepository.com/tech-internet-as.php,True,40200.0,85100.0,0.000105539,3400.0,1.0,4.0,-0.178102,189800.0,4.0,8500.0,0.205467,0.00663543,24.0,15.0,3.9394632344761673
socfb-nips-ego,https://nrvis.com/download/data/socfb/socfb-nips-ego.zip,https://networkrepository.com/socfb-nips-ego.php,True,2900.0,3000.0,0.000715069,769.0,1.0,2.0,-0.668214,273.0,0.0,52.0,0.0272474,0.00035938,4.0,4.0,3.8674212512485524
socfb-Reed98,https://nrvis.com/download/data/socfb/socfb-Reed98.zip,https://networkrepository.com/socfb-Reed98.php,True,962.0,18800.0,0.0406974,313.0,1.0,39.0,0.0234339,291400.0,302.0,4200.0,0.31836,0.220706,35.0,10.0,2.461460580087011
socfb-Haverford76,https://nrvis.com/download/data/socfb/socfb-Haverford76.zip,https://networkrepository.com/socfb-Haverford76.php,True,1400.0,59600.0,0.0570374,375.0,1.0,82.0,0.0674921,1900000.0,1.3,12800.0,0.322958,0.250546,64.0,17.0,2.2278663967417573
socfb-Oberlin44,https://nrvis.com/download/data/socfb/socfb-Oberlin44.zip,https://networkrepository.com/socfb-Oberlin44.php,True,2900.0,89900.0,0.0210975,478.0,1.0,61.0,0.0500802,1700000.0,570.0,10600.0,0.263398,0.173822,50.0,11.0,2.5794220201138502
socfb-Amherst41,https://nrvis.com/download/data/socfb/socfb-Amherst41.zip,https://networkrepository.com/socfb-Amherst41.php,True,2200.0,91000.0,0.0364327,467.0,1.0,81.0,0.0584284,2700000.0,1.2,14600.0,0.310386,0.233137,64.0,10.0,2.4036611329083373
socfb-Wellesley22,https://nrvis.com/download/data/socfb/socfb-Wellesley22.zip,https://networkrepository.com/socfb-Wellesley22.php,True,3000.0,94900.0,0.0215241,746.0,1.0,63.0,0.0642533,1800000.0,613.0,19600.0,0.264173,0.172733,52.0,10.0,2.5851341528000336
socfb-Smith60,https://nrvis.com/download/data/socfb/socfb-Smith60.zip,https://networkrepository.com/socfb-Smith60.php,True,3000.0,97100.0,0.0220308,349.0,1.0,65.0,0.0436172,1900000.0,641.0,6900.0,0.28345,0.193123,49.0,9.0,2.4976571599003394
socfb-Trinity100,https://nrvis.com/download/data/socfb/socfb-Trinity100.zip,https://networkrepository.com/socfb-Trinity100.php,True,2600.0,112000.0,0.0328186,404.0,1.0,85.0,0.0719057,3300000.0,1.3,12100.0,0.290325,0.227958,68.0,11.0,2.4275852449379913
socfb-Vassar85,https://nrvis.com/download/data/socfb/socfb-Vassar85.zip,https://networkrepository.com/socfb-Vassar85.php,True,3100.0,119200.0,0.0253277,482.0,1.0,77.0,0.100781,2500000.0,830.0,11900.0,0.24605,0.176583,61.0,10.0,2.462171860181288
socfb-Santa74,https://nrvis.com/download/data/socfb/socfb-Santa74.zip,https://networkrepository.com/socfb-Santa74.php,True,3600.0,151700.0,0.0237132,1100.0,1.0,84.0,0.0706336,4400000.0,1.2,31700.0,0.262967,0.202237,69.0,9.0,2.485804514995735
socfb-Colgate88,https://nrvis.com/download/data/socfb/socfb-Colgate88.zip,https://networkrepository.com/socfb-Colgate88.php,True,3500.0,155000.0,0.0255829,773.0,1.0,89.0,0.0670009,4300000.0,1.2,15400.0,0.267257,0.206658,66.0,12.0,2.4565714164082
socfb-Howard90,https://nrvis.com/download/data/socfb/socfb-Howard90.zip,https://networkrepository.com/socfb-Howard90.php,True,4000.0,204900.0,0.0250211,1200.0,1.0,101.0,0.0578825,6500000.0,1.6,51700.0,0.22839,0.17308,82.0,9.0,2.4174042005935936
socfb-CMU,https://nrvis.com/download/data/socfb/socfb-CMU.zip,https://networkrepository.com/socfb-CMU.php,True,6600.0,250000.0,0.0114056,840.0,1.0,75.0,0.122458,6900000.0,1.0,24100.0,0.278772,0.185256,70.0,15.0,2.7380666934057203
socfb-MIT,https://nrvis.com/download/data/socfb/socfb-MIT.zip,https://networkrepository.com/socfb-MIT.php,True,6400.0,251200.0,0.0122613,708.0,1.0,78.0,0.119896,7100000.0,1.1,27800.0,0.27236,0.180288,73.0,9.0,2.7202753728586515
p-hat1500-3,https://nrvis.com/download/data/dimacs/p-hat1500-3.zip,https://networkrepository.com/p-hat1500-3.php,True,1500.0,847200.0,0.753608,1300.0,912.0,1.1,-0.0108833,741200000.0,494.1,675800.0,0.767997,0.767701,930.0,77.0,1.2463918167667334
p-hat1500-2,https://nrvis.com/download/data/dimacs/p-hat1500-2.zip,https://networkrepository.com/p-hat1500-2.php,True,1500.0,569000.0,0.50608,1200.0,335.0,758.0,-0.0931446,273500000.0,182.3,372300.0,0.600106,0.58484,505.0,55.0,1.4939203913720258
p-hat1500-1,https://nrvis.com/download/data/dimacs/p-hat1500-1.zip,https://networkrepository.com/p-hat1500-1.php,True,1500.0,284900.0,0.253434,614.0,157.0,379.0,-0.0913078,34300000.0,22.9,53200.0,0.300315,0.292669,253.0,11.0,1.7465661552145875
p-hat1000-2,https://nrvis.com/download/data/dimacs/p-hat1000-2.zip,https://networkrepository.com/p-hat1000-2.php,True,1000.0,244800.0,0.490088,766.0,232.0,489.0,-0.0985585,74000000.0,74.0,157600.0,0.58458,0.568367,328.0,42.0,1.509911911911912
p-hat1000-1,https://nrvis.com/download/data/dimacs/p-hat1000-1.zip,https://networkrepository.com/p-hat1000-1.php,True,1000.0,122300.0,0.244751,408.0,105.0,244.0,-0.0934738,9200000.0,9.2,22700.0,0.291839,0.283975,164.0,10.0,1.7552492492492493
p-hat700-3,https://nrvis.com/download/data/dimacs/p-hat700-3.zip,https://networkrepository.com/p-hat700-3.php,True,700.0,183000.0,0.748048,627.0,408.0,522.0,-0.014674,73600000.0,105.2,148000.0,0.763166,0.762753,427.0,55.0,1.2519517678315961
p-hat700-2,https://nrvis.com/download/data/dimacs/p-hat700-2.zip,https://networkrepository.com/p-hat700-2.php,True,700.0,121700.0,0.49756,539.0,157.0,347.0,-0.101368,26700000.0,38.1,79200.0,0.596311,0.578988,236.0,41.0,1.5024402207234826
p-hat700-1,https://nrvis.com/download/data/dimacs/p-hat700-1.zip,https://networkrepository.com/p-hat700-1.php,True,700.0,61000.0,0.249332,286.0,75.0,174.0,-0.0985095,3300000.0,4.8,11600.0,0.29819,0.289517,118.0,9.0,1.750668301655426
p-hat500-3,https://nrvis.com/download/data/dimacs/p-hat500-3.zip,https://networkrepository.com/p-hat500-3.php,True,500.0,93800.0,0.751904,452.0,293.0,375.0,-0.0149695,27200000.0,54.3,77200.0,0.766414,0.766019,304.0,45.0,1.2480961923847695
p-hat500-2,https://nrvis.com/download/data/dimacs/p-hat500-2.zip,https://networkrepository.com/p-hat500-2.php,True,500.0,62900.0,0.504577,389.0,117.0,251.0,-0.0987148,10000000.0,19.9,40900.0,0.597255,0.581438,171.0,33.0,1.4954228456913827
p-hat300-3,https://nrvis.com/download/data/dimacs/p-hat300-3.zip,https://networkrepository.com/p-hat300-3.php,True,300.0,33400.0,0.744482,267.0,168.0,222.0,-0.0204908,5700000.0,18.9,26700.0,0.758296,0.757799,181.0,33.0,1.2555183946488295
brock800-1,https://nrvis.com/download/data/dimacs/brock800-1.zip,https://networkrepository.com/brock800-1.php,True,800.0,207500.0,0.649265,560.0,477.0,518.0,-0.000418117,69800000.0,87.2,101500.0,0.649145,0.649147,488.0,19.0,1.3507352941176471
brock800-2,https://nrvis.com/download/data/dimacs/brock800-2.zip,https://networkrepository.com/brock800-2.php,True,800.0,208200.0,0.651333,566.0,472.0,520.0,-0.00183833,70500000.0,88.1,104000.0,0.651294,0.651292,487.0,19.0,1.3486670838548185
brock800-3,https://nrvis.com/download/data/dimacs/brock800-3.zip,https://networkrepository.com/brock800-3.php,True,800.0,207300.0,0.648727,558.0,474.0,518.0,-0.00256087,69600000.0,87.0,100800.0,0.648701,0.648701,484.0,20.0,1.351273466833542
brock800-4,https://nrvis.com/download/data/dimacs/brock800-4.zip,https://networkrepository.com/brock800-4.php,True,800.0,207600.0,0.649696,565.0,481.0,519.0,-0.00383331,69900000.0,87.4,103300.0,0.649685,0.649681,486.0,19.0,1.3503035043804756
brock400-1,https://nrvis.com/download/data/dimacs/brock400-1.zip,https://networkrepository.com/brock400-1.php,True,400.0,59700.0,0.748409,320.0,272.0,298.0,-0.00281946,13300000.0,33.3,38100.0,0.748295,0.748294,278.0,22.0,1.251591478696742
brock400-2,https://nrvis.com/download/data/dimacs/brock400-2.zip,https://networkrepository.com/brock400-2.php,True,400.0,59800.0,0.749198,328.0,274.0,298.0,-0.00471088,13400000.0,33.4,40100.0,0.748964,0.748958,279.0,22.0,1.2508020050125312
brock400-3,https://nrvis.com/download/data/dimacs/brock400-3.zip,https://networkrepository.com/brock400-3.php,True,400.0,59700.0,0.747882,322.0,275.0,298.0,-0.00542182,13300000.0,33.2,38600.0,0.747709,0.747703,279.0,21.0,1.2521177944862156
brock400-4,https://nrvis.com/download/data/dimacs/brock400-4.zip,https://networkrepository.com/brock400-4.php,True,400.0,59800.0,0.748935,326.0,275.0,298.0,-0.00656624,13300000.0,33.3,39700.0,0.74876,0.748751,278.0,22.0,1.2510651629072682
brock200-1,https://nrvis.com/download/data/dimacs/brock200-1.zip,https://networkrepository.com/brock200-1.php,True,200.0,14800.0,0.745427,165.0,130.0,148.0,-0.00386832,1600000.0,8.2,10100.0,0.745099,0.745111,135.0,18.0,1.254572864321608
brock200-2,https://nrvis.com/download/data/dimacs/brock200-2.zip,https://networkrepository.com/brock200-2.php,True,200.0,9900.0,0.496281,114.0,78.0,98.0,-0.011974,479700.0,2.4,3200.0,0.494667,0.49462,85.0,10.0,1.503718592964824
brock200-3,https://nrvis.com/download/data/dimacs/brock200-3.zip,https://networkrepository.com/brock200-3.php,True,200.0,12000.0,0.605427,134.0,99.0,120.0,-0.0086259,873400.0,4.4,5400.0,0.604975,0.605011,106.0,13.0,1.394572864321608
brock200-4,https://nrvis.com/download/data/dimacs/brock200-4.zip,https://networkrepository.com/brock200-4.php,True,200.0,13100.0,0.657739,147.0,112.0,130.0,-0.0171309,1100000.0,5.6,7000.0,0.657421,0.657343,118.0,14.0,1.3422613065326634
hamming10-2,https://nrvis.com/download/data/dimacs/hamming10-2.zip,https://networkrepository.com/hamming10-2.php,True,1000.0,518700.00000000006,0.990225,1000.0,1.0,1.0,1.0,519700000.00000006,507.6,507600.0,0.990206,0.990206,1.0,352.0,1.0097751710654936
C1000-9,https://nrvis.com/download/data/dimacs/C1000-9.zip,https://networkrepository.com/C1000-9.php,True,1000.0,450100.0,0.901059,925.0,868.0,900.0,-0.00189322,364700000.0,364.7,385000.0,0.901055,0.901055,875.0,53.0,1.098940940940941
san1000,https://nrvis.com/download/data/dimacs/san1000.zip,https://networkrepository.com/san1000.php,True,1000.0,250500.0,0.501502,550.0,445.0,501.0,0.674301,86400000.0,86.4,100700.0,0.685062,0.687277,465.0,9.0,1.4984984984984986
san400-0-9-1,https://nrvis.com/download/data/dimacs/san400-0-9-1.zip,https://networkrepository.com/san400-0-9-1.php,True,400.0,71800.0,0.9,374.0,341.0,359.0,-0.00497182,23200000.0,57.9,62800.0,0.900655,0.900644,345.0,54.0,1.1
san400-0-7-1,https://nrvis.com/download/data/dimacs/san400-0-7-1.zip,https://networkrepository.com/san400-0-7-1.php,True,400.0,55900.0,0.7,301.0,257.0,279.0,-0.00454926,11400000.0,28.5,32299.999999999996,0.732441,0.732084,262.0,22.0,1.3
san400-0-7-2,https://nrvis.com/download/data/dimacs/san400-0-7-2.zip,https://networkrepository.com/san400-0-7-2.php,True,400.0,55900.0,0.7,304.0,257.0,279.0,0.0301442,11300000.0,28.2,32900.0,0.7253,0.725079,260.0,18.0,1.3
san400-0-7-3,https://nrvis.com/download/data/dimacs/san400-0-7-3.zip,https://networkrepository.com/san400-0-7-3.php,True,400.0,55900.0,0.7,307.0,250.0,279.0,0.17637,11200000.0,27.9,33700.0,0.716974,0.717533,254.0,15.0,1.3
san400-0-5-1,https://nrvis.com/download/data/dimacs/san400-0-5-1.zip,https://networkrepository.com/san400-0-5-1.php,True,400.0,39900.0,0.5,225.0,174.0,199.0,0.602703,5200000.0,13.1,15900.0,0.654299,0.656928,184.0,8.0,1.5
san200-0-9-1,https://nrvis.com/download/data/dimacs/san200-0-9-1.zip,https://networkrepository.com/san200-0-9-1.php,True,200.0,17900.0,0.9,191.0,159.0,179.0,0.0406465,2900000.0,14.4,16400.0,0.901836,0.902019,163.0,48.0,1.1
san200-0-9-2,https://nrvis.com/download/data/dimacs/san200-0-9-2.zip,https://networkrepository.com/san200-0-9-2.php,True,200.0,17900.0,0.9,188.0,169.0,179.0,-0.00299399,2900000.0,14.4,15800.0,0.900435,0.900427,170.0,40.0,1.1
san200-0-9-3,https://nrvis.com/download/data/dimacs/san200-0-9-3.zip,https://networkrepository.com/san200-0-9-3.php,True,200.0,17900.0,0.9,187.0,166.0,179.0,-0.0107095,2900000.0,14.4,15600.0,0.899727,0.899712,170.0,33.0,1.1
san200-0-7-2,https://nrvis.com/download/data/dimacs/san200-0-7-2.zip,https://networkrepository.com/san200-0-7-2.php,True,200.0,13900.0,0.7,164.0,103.0,139.0,0.263062,1500000.0,7.3,9800.0,0.729743,0.741806,123.0,13.0,1.3
san200-0-7-1,https://nrvis.com/download/data/dimacs/san200-0-7-1.zip,https://networkrepository.com/san200-0-7-1.php,True,200.0,13900.0,0.7,155.0,125.0,139.0,0.0677214,1400000.0,7.0,8600.0,0.726296,0.726081,126.0,17.0,1.3
sanr200-0-9,https://nrvis.com/download/data/dimacs/sanr200-0-9.zip,https://networkrepository.com/sanr200-0-9.php,True,200.0,17900.0,0.897638,189.0,166.0,178.0,-0.0101712,2900000.0,14.3,15900.0,0.897741,0.89773,167.0,37.0,1.102361809045226
sanr200-0-7,https://nrvis.com/download/data/dimacs/sanr200-0-7.zip,https://networkrepository.com/sanr200-0-7.php,True,200.0,13900.0,0.696884,161.0,120.0,138.0,-0.0166367,1300000.0,6.7,8900.0,0.696634,0.696584,125.0,16.0,1.3031155778894472
sanr400-0-5,https://nrvis.com/download/data/dimacs/sanr400-0-5.zip,https://networkrepository.com/sanr400-0-5.php,True,400.0,40000.0,0.501053,233.0,161.0,199.0,-0.00815075,4000000.0,10.0,13600.0,0.501093,0.501063,178.0,12.0,1.4989473684210526
sanr400-0-7,https://nrvis.com/download/data/dimacs/sanr400-0-7.zip,https://networkrepository.com/sanr400-0-7.php,True,400.0,55900.0,0.700113,310.0,252.0,279.0,-0.00169434,10900000.0,27.3,33500.0,0.700189,0.700193,259.0,19.0,1.2998872180451129
web-polblogs,https://nrvis.com/download/data/web/web-polblogs.zip,https://networkrepository.com/web-polblogs.php,True,643.0,2300.0,0.0110464,165.0,1.0,7.0,-0.21787,9000.0,14.0,392.0,0.232016,0.160848,13.0,9.0,3.828088739020266
web-webbase-2001,https://nrvis.com/download/data/web/web-webbase-2001.zip,https://networkrepository.com/web-webbase-2001.php,True,16100.000000000002,25600.0,0.000198417,1700.0,1.0,3.0,-0.098495,63300.0,3.0,1400.0,0.224316,0.0249263,33.0,9.0,10.20919891928335
web-spam,https://nrvis.com/download/data/web/web-spam.zip,https://networkrepository.com/web-spam.php,True,4800.0,37400.0,0.00329012,477.0,1.0,15.0,4.72558,387100.0,81.0,6300.0,0.285979,0.145193,36.0,14.0,3.7935435437418095
web-indochina-2004,https://nrvis.com/download/data/web/web-indochina-2004.zip,https://networkrepository.com/web-indochina-2004.php,True,11400.0,47600.0,0.000738119,199.0,1.0,8.0,0.124555,630200.0,55.0,1500.0,0.709915,0.56697,50.0,35.0,6.41821583445514
web-frwikinews-user-edits,https://nrvis.com/download/data/web/web-frwikinews-user-edits.zip,https://networkrepository.com/web-frwikinews-user-edits.php,True,25000.0,193600.0,0.000617507,32600.0,1.0,15.0,-0.254438,3200000.0,127.0,316000.0,0.296613,0.00195653,18.0,27.0,Error: Connectivity is undefined for the null graph.
insecta-ant-colony5,https://nrvis.com/download/data/dynamic/insecta-ant-colony5.zip,https://networkrepository.com/insecta-ant-colony5.php,True,152.0,194300.0,16.9325,4000.0,590.0,2.6,0.150758,542700000.0,3.6,5700000.0,1.22544,0.989913,1.0,157.0,Error: Connectivity is undefined for the null graph.
insecta-ant-colony3,https://nrvis.com/download/data/dynamic/insecta-ant-colony3.zip,https://networkrepository.com/insecta-ant-colony3.php,True,160.0,241300.0,18.9686,4600.0,670.0,3.0,0.106432,802300000.0,5.0,7800000.0,1.28142,0.991066,2.0,183.0,Error: Connectivity is undefined for the null graph.
insecta-ant-colony2,https://nrvis.com/download/data/dynamic/insecta-ant-colony2.zip,https://networkrepository.com/insecta-ant-colony2.php,True,131.0,139900.0,16.4328,3300.0,788.0,2.1,0.1407,325700000.0,2.5,3900000.0,1.21323,0.988167,1.0,159.0,Error: Connectivity is undefined for the null graph.
insecta-ant-colony1,https://nrvis.com/download/data/dynamic/insecta-ant-colony1.zip,https://networkrepository.com/insecta-ant-colony1.php,True,113.0,111600.0,17.6324,3000.0,331.0,2.0,0.116697,240400000.0,2.1,3300000.0,1.2396,0.981664,1.0,133.0,Error: Connectivity is undefined for the null graph.
ia-frwikinews-user-edits,https://nrvis.com/download/data/dynamic/ia-frwikinews-user-edits.zip,https://networkrepository.com/ia-frwikinews-user-edits.php,True,25000.0,193600.0,0.000617507,32600.0,1.0,15.0,-0.254438,3200000.0,127.0,316000.0,0.296613,0.00195653,18.0,27.0,Error: Connectivity is undefined for the null graph.
ia-movielens-user2tags-10m,https://nrvis.com/download/data/dynamic/ia-movielens-user2tags-10m.zip,https://networkrepository.com/ia-movielens-user2tags-10m.php,True,16500.0,95600.0,0.000699777,6000.0,1.0,11.0,-0.177264,453400.0,27.0,55100.0,0.0686937,0.00636504,641.0,21.0,Error: Connectivity is undefined for the null graph.
ia-radoslaw-email,https://nrvis.com/download/data/dynamic/ia-radoslaw-email.zip,https://networkrepository.com/ia-radoslaw-email.php,True,167.0,82900.0,5.97908,9100.0,1.0,992.0,0.154877,153200000.0,917.4,8300000.000000001,4.50961,0.67962,2.0,143.0,Error: Connectivity is undefined for the null graph.
epinions,https://nrvis.com/download/data/heter/epinions.zip,https://networkrepository.com/epinions.php,True,131600.0,840800.0,9.71283,3600.0,1.0,12.0,-0.0362489,27900000.0,212.0,107700.0,0.156481,0.111073,180.0,19.0,Error: Connectivity is undefined for the null graph.
actor,https://nrvis.com/download/data/heter/actor.zip,https://networkrepository.com/actor.php,True,767300.0,767300.0,2.60661,383600.0,1.0,1.0,1.01588,0.0,0.0,0.0,0.0,0.0,2.0,3.0,Error: Connectivity is undefined for the null graph.
dbpedia,https://nrvis.com/download/data/heter/dbpedia.zip,https://networkrepository.com/dbpedia.php,True,258899.99999999997,495900.0,1.48031,258899.99999999997,1.0,3.0,0.958807,1800000.0,6.0,355600.0,0.985679,3.78228,7.0,6.0,Error: Connectivity is undefined for the null graph.
movielens-10m-noRatings,https://nrvis.com/download/data/heter/movielens-10m-noRatings.zip,https://networkrepository.com/movielens-10m-noRatings.php,True,28100.0,286700.0,0.000724348,12000.0,2.0,20.0,-0.117161,15200000.0,539.0,247600.0,10.4251,0.052332,641.0,3.0,Error: Connectivity is undefined for the null graph.
digg,https://nrvis.com/download/data/heter/digg.zip,https://networkrepository.com/digg.php,True,283200.0,283200.0,7.06257,279600.0,1.0,1.0,1.02339,0.0,0.0,0.0,0.0,0.0,2.0,3.0,Error: Connectivity is undefined for the null graph.
movielens-10m,https://nrvis.com/download/data/heter/movielens-10m.zip,https://networkrepository.com/movielens-10m.php,True,69900.0,97100.0,3.97635,69900.0,1.0,2.0,1.48636,189400.0,2.0,40800.0,0.472967,7.18656,5.0,5.0,Error: Connectivity is undefined for the null graph.
bn-mouse_retina_1,https://nrvis.com/download/data/bn/bn-mouse_retina_1.zip,https://networkrepository.com/bn-mouse-retina-1.php,True,1100.0,577400.0,0.998271,7900.0,1.0,1.1,0.0179917,777200000.0,722.3,8199999.999999999,1.55391,0.608175,1.0,42.0,Error: [Errno 2] No such file or directory: 'temp_graph/../bn/bn-mouse_retina_1.edges'
bn-mouse_brain_1,https://nrvis.com/download/data/bn/bn-mouse_brain_1.zip,https://networkrepository.com/bn-mouse-brain-1.php,True,213.0,21700.0,0.959075,314.0,98.0,203.0,-0.0412774,3500000.0,16.6,31300.0,0.801338,0.767461,143.0,35.0,Error: [Errno 2] No such file or directory: 'temp_graph/../bn/bn-mouse_brain_1.edges'
bn-macaque-rhesus_brain_1,https://nrvis.com/download/data/bn/bn-macaque-rhesus_brain_1.zip,https://networkrepository.com/bn-macaque-rhesus-brain-1.php,True,242.0,4100.0,0.140256,164.0,2.0,33.0,-0.0549821,78100.0,322.0,2700.0,0.53256,0.361515,26.0,8.0,Error: [Errno 2] No such file or directory: 'temp_graph/../bn/bn-macaque-rhesus_brain_1.edges'
bn-macaque-rhesus_interareal-cortical-network_2,https://nrvis.com/download/data/bn/bn-macaque-rhesus_interareal-cortical-network_2.zip,https://networkrepository.com/bn-macaque-rhesus-interareal-cortical-network-2.php,True,93.0,2700.0,0.623422,120.0,29.0,57.0,-0.533611,173500.0,1.9,4200.0,1.55803,0.745393,56.0,31.0,Error: [Errno 2] No such file or directory: 'temp_graph/../bn/bn-macaque-rhesus_interareal-cortical-network_2.edges'
bn-macaque-rhesus_cerebral-cortex_1,https://nrvis.com/download/data/bn/bn-macaque-rhesus_cerebral-cortex_1.zip,https://networkrepository.com/bn-macaque-rhesus-cerebral-cortex-1.php,True,91.0,2000.0,0.485714,248.0,6.0,43.0,-0.343558,86000.0,945.0,3800.0,1.30491,0.556221,35.0,21.0,Error: [Errno 2] No such file or directory: 'temp_graph/../bn/bn-macaque-rhesus_cerebral-cortex_1.edges'
bn-cat-mixed-species_brain_1,https://nrvis.com/download/data/bn/bn-cat-mixed-species_brain_1.zip,https://networkrepository.com/bn-cat-mixed-species-brain-1.php,True,65.0,1100.0,0.547596,72.0,6.0,35.0,0.0101974,28200.0,433.0,1200.0,0.708654,0.595333,27.0,11.0,Error: [Errno 2] No such file or directory: 'temp_graph/../bn/bn-cat-mixed-species_brain_1.edges'
bn-macaque-rhesus_brain_2,https://nrvis.com/download/data/bn/bn-macaque-rhesus_brain_2.zip,https://networkrepository.com/bn-macaque-rhesus-brain-2.php,True,91.0,628.0,0.153358,96.0,1.0,13.0,-0.70906,10000.0,109.0,792.0,1.63385,0.368904,16.0,12.0,Error: [Errno 2] No such file or directory: 'temp_graph/../bn/bn-macaque-rhesus_brain_2.edges'
bn-mouse_visual-cortex_2,https://nrvis.com/download/data/bn/bn-mouse_visual-cortex_2.zip,https://networkrepository.com/bn-mouse-visual-cortex-2.php,True,193.0,214.0,0.0115501,31.0,1.0,2.0,-0.844724,12.0,0.0,2.0,0.0212825,0.0046875,3.0,2.0,Error: [Errno 2] No such file or directory: 'temp_graph/../bn/bn-mouse_visual-cortex_2.edges'
bn-mouse_visual-cortex_1,https://nrvis.com/download/data/bn/bn-mouse_visual-cortex_1.zip,https://networkrepository.com/bn-mouse-visual-cortex-1.php,True,29.0,44.0,0.108374,9.0,1.0,3.0,-0.470896,3.0,0.0,1.0,0.0494253,0.0222222,3.0,2.0,Error: [Errno 2] No such file or directory: 'temp_graph/../bn/bn-mouse_visual-cortex_1.edges'
bio-SC-CC,https://nrvis.com/download/data/bio/bio-SC-CC.zip,https://networkrepository.com/bio-SC-CC.php,True,2200.0,34900.0,0.0141225,571.0,1.0,31.0,-0.152083,595700.0,267.0,6700.0,0.413279,0.194507,69.0,10.0,Error: Connectivity is undefined for the null graph.
bio-dmela,https://nrvis.com/download/data/bio/bio-dmela.zip,https://networkrepository.com/bio-dmela.php,True,7400.0,25600.0,0.000935753,190.0,1.0,6.0,-0.0465044,8700.0,1.0,225.0,0.0118502,0.0149699,12.0,7.0,4.339715364891207
bio-celegans-dir,https://nrvis.com/download/data/bio/bio-celegans-dir.zip,https://networkrepository.com/bio-celegans-dir.php,True,453.0,4600.0,0.0446776,634.0,1.0,20.0,-0.0735808,245300.0,541.0,26600.0,3.25902,0.351487,115.0,9.0,2.6637851882240327
bio-diseasome,https://nrvis.com/download/data/bio/bio-diseasome.zip,https://networkrepository.com/bio-diseasome.php,True,516.0,1200.0,0.00894107,50.0,1.0,4.0,0.0666456,4100.0,7.0,152.0,0.63583,0.430471,11.0,11.0,6.5089937532926925
frb30-15-2,https://nrvis.com/download/data/bhoslib/frb30-15-2.zip,https://networkrepository.com/frb30-15-2.php,True,450.0,83200.0,0.823073,404.0,333.0,369.0,-0.0237061,25200000.0,55.9,66700.0,0.820417,0.820372,338.0,24.0,1.1769265033407572
frb30-15-4,https://nrvis.com/download/data/bhoslib/frb30-15-4.zip,https://networkrepository.com/frb30-15-4.php,True,450.0,83200.0,0.823499,401.0,339.0,369.0,-0.0293546,25200000.0,56.1,65800.0,0.821178,0.821099,340.0,25.0,1.176500866122247
frb30-15-1,https://nrvis.com/download/data/bhoslib/frb30-15-1.zip,https://networkrepository.com/frb30-15-1.php,True,450.0,83200.0,0.823539,407.0,327.0,369.0,-0.0291078,25200000.0,56.1,67500.0,0.821076,0.820998,340.0,24.0,1.1764612719623855
frb30-15-3,https://nrvis.com/download/data/bhoslib/frb30-15-3.zip,https://networkrepository.com/frb30-15-3.php,True,450.0,83200.0,0.823717,400.0,327.0,369.0,-0.0321251,25200000.0,56.1,65200.0,0.821498,0.821404,337.0,25.0,1.1762830982430093
frb30-15-5,https://nrvis.com/download/data/bhoslib/frb30-15-5.zip,https://networkrepository.com/frb30-15-5.php,True,450.0,83200.0,0.823865,403.0,321.0,369.0,-0.0493838,25300000.0,56.2,66400.0,0.822271,0.822053,333.0,26.0,1.1761346201435288
frb35-17-5,https://nrvis.com/download/data/bhoslib/frb35-17-5.zip,https://networkrepository.com/frb35-17-5.php,True,595.0,148600.0,0.840744,550.0,460.0,499.0,-0.0242639,62200000.0,104.6,126300.0,0.83933,0.839265,461.0,28.0,1.159256429844665
frb35-17-3,https://nrvis.com/download/data/bhoslib/frb35-17-3.zip,https://networkrepository.com/frb35-17-3.php,True,595.0,148800.0,0.841943,549.0,429.0,500.0,-0.0358331,62600000.0,105.2,126200.0,0.841338,0.841188,451.0,29.0,1.158056758056758
frb35-17-1,https://nrvis.com/download/data/bhoslib/frb35-17-1.zip,https://networkrepository.com/frb35-17-1.php,True,595.0,148900.0,0.842368,544.0,462.0,500.0,-0.0411977,62600000.0,105.2,123900.0,0.841011,0.840878,463.0,29.0,1.15763234586764
frb35-17-2,https://nrvis.com/download/data/bhoslib/frb35-17-2.zip,https://networkrepository.com/frb35-17-2.php,True,595.0,148900.0,0.842419,541.0,460.0,500.0,-0.0293996,62500000.0,105.1,122300.0,0.840465,0.840394,465.0,29.0,1.1575814164049458
frb35-17-4,https://nrvis.com/download/data/bhoslib/frb35-17-4.zip,https://networkrepository.com/frb35-17-4.php,True,595.0,148900.0,0.842447,560.0,444.0,500.0,-0.0380713,62700000.0,105.3,131100.0,0.841658,0.841501,456.0,30.0,1.1575531222590045
frb40-19-5,https://nrvis.com/download/data/bhoslib/frb40-19-5.zip,https://networkrepository.com/frb40-19-5.php,True,760.0,246800.0,0.8557,691.0,585.0,649.0,-0.0260197,136800000.0,180.1,203700.0,0.85436,0.854308,596.0,32.0,1.1442999791970043
frb40-19-4,https://nrvis.com/download/data/bhoslib/frb40-19-4.zip,https://networkrepository.com/frb40-19-4.php,True,760.0,246800.0,0.855749,692.0,595.0,649.0,-0.034223,136800000.0,180.1,204000.0,0.854306,0.854234,600.0,33.0,1.1442514388738645
frb40-19-3,https://nrvis.com/download/data/bhoslib/frb40-19-3.zip,https://networkrepository.com/frb40-19-3.php,True,760.0,247300.0,0.857517,702.0,600.0,650.0,-0.0212089,137600000.0,181.1,210200.0,0.85581,0.855782,613.0,33.0,1.142483184245198
frb40-19-2,https://nrvis.com/download/data/bhoslib/frb40-19-2.zip,https://networkrepository.com/frb40-19-2.php,True,760.0,247200.0,0.856934,702.0,588.0,650.0,-0.0349963,137500000.0,181.0,209900.0,0.856034,0.855937,598.0,34.0,1.1430656681228764
frb40-19-1,https://nrvis.com/download/data/bhoslib/frb40-19-1.zip,https://networkrepository.com/frb40-19-1.php,True,760.0,247100.0,0.856758,703.0,581.0,650.0,-0.028485,137500000.0,181.0,210600.0,0.856172,0.856082,595.0,33.0,1.143242493585743
frb45-21-1,https://nrvis.com/download/data/bhoslib/frb45-21-1.zip,https://networkrepository.com/frb45-21-1.php,True,945.0,386900.0,0.867308,876.0,756.0,818.0,-0.023507,274200000.0,290.2,331600.0,0.866269,0.866231,769.0,36.0,1.132692135234508
frb45-21-2,https://nrvis.com/download/data/bhoslib/frb45-21-2.zip,https://networkrepository.com/frb45-21-2.php,True,945.0,387400.0,0.868568,870.0,753.0,819.0,-0.0292325,275400000.0,291.4,326900.0,0.867356,0.867313,769.0,37.0,1.1314321585508027
frb45-21-3,https://nrvis.com/download/data/bhoslib/frb45-21-3.zip,https://networkrepository.com/frb45-21-3.php,True,945.0,387800.0,0.869418,872.0,739.0,820.0,-0.023224,276200000.0,292.3,329600.0,0.868295,0.868258,764.0,36.0,1.1305824589722895
frb45-21-4,https://nrvis.com/download/data/bhoslib/frb45-21-4.zip,https://networkrepository.com/frb45-21-4.php,True,945.0,387500.0,0.868736,875.0,732.0,820.0,-0.028105,275700000.0,291.8,331200.0,0.868019,0.867953,757.0,36.0,1.1312640121962156
frb45-21-5,https://nrvis.com/download/data/bhoslib/frb45-21-5.zip,https://networkrepository.com/frb45-21-5.php,True,945.0,387500.0,0.868669,874.0,764.0,820.0,-0.0254529,275400000.0,291.4,330500.0,0.867368,0.86733,771.0,36.0,1.1313312707380505
frb50-23-1,https://nrvis.com/download/data/bhoslib/frb50-23-1.zip,https://networkrepository.com/frb50-23-1.php,True,1200.0,580600.0,0.878803,1100.0,941.0,1.0,-0.022007,514500000.0,447.4,496100.0,0.877915,0.877884,950.0,40.0,1.1211972603776441
frb50-23-2,https://nrvis.com/download/data/bhoslib/frb50-23-2.zip,https://networkrepository.com/frb50-23-2.php,True,1200.0,579800.0,0.877624,1100.0,922.0,1.0,-0.0202049,512500000.0,445.6,504600.0,0.876856,0.876827,936.0,40.0,1.1223763575131493
frb50-23-3,https://nrvis.com/download/data/bhoslib/frb50-23-3.zip,https://networkrepository.com/frb50-23-3.php,True,1200.0,579600.0,0.877295,1100.0,945.0,1.0,-0.0249133,511600000.0,444.9,508000.0,0.876169,0.876142,953.0,40.0,1.122704809475158
frb50-23-4,https://nrvis.com/download/data/bhoslib/frb50-23-4.zip,https://networkrepository.com/frb50-23-4.php,True,1200.0,580400.0,0.878521,1100.0,941.0,1.0,-0.025344,514000000.0,446.9,502700.0,0.877594,0.87756,950.0,40.0,1.1214787906307944
frb50-23-5,https://nrvis.com/download/data/bhoslib/frb50-23-5.zip,https://networkrepository.com/frb50-23-5.php,True,1200.0,580600.0,0.878859,1100.0,922.0,1.0,-0.0252653,514600000.0,447.5,510900.0,0.878063,0.878023,949.0,41.0,1.1211412570477164
frb53-24-1,https://nrvis.com/download/data/bhoslib/frb53-24-1.zip,https://networkrepository.com/frb53-24-1.php,True,1300.0,714100.0,0.883434,1200.0,1.0,1.1,-0.0130046,707600000.0,556.3,619400.0,0.882696,0.882684,1.0,42.0,1.1165662158751837
frb53-24-2,https://nrvis.com/download/data/bhoslib/frb53-24-2.zip,https://networkrepository.com/frb53-24-2.php,True,1300.0,714100.0,0.883357,1200.0,1.0,1.1,-0.0199921,707200000.0,555.9,615300.0,0.882437,0.882417,1.0,42.0,1.11664291475538
frb53-24-3,https://nrvis.com/download/data/bhoslib/frb53-24-3.zip,https://networkrepository.com/frb53-24-3.php,True,1300.0,714200.0,0.883557,1200.0,1.0,1.1,-0.0210764,707700000.0,556.4,616500.0,0.882724,0.882698,1.0,43.0,1.1164425080038993
frb53-24-4,https://nrvis.com/download/data/bhoslib/frb53-24-4.zip,https://networkrepository.com/frb53-24-4.php,True,1300.0,714000.0,0.883334,1200.0,1.0,1.1,-0.0239669,707100000.0,555.9,622200.0,0.8824,0.88237,1.0,42.0,1.1166664192509241
frb53-24-5,https://nrvis.com/download/data/bhoslib/frb53-24-5.zip,https://networkrepository.com/frb53-24-5.php,True,1300.0,714100.0,0.883435,1200.0,1.0,1.1,-0.0246235,707200000.0,556.0,633100.0,0.882407,0.882383,1.0,42.0,1.1165649787964709
inf-USAir97,https://nrvis.com/download/data/inf/inf-USAir97.zip,https://networkrepository.com/inf-USAir97.php,True,332.0,2100.0,0.0386925,139.0,1.0,12.0,-0.207876,36500.0,110.0,1400.0,0.625217,0.396392,27.0,22.0,"Error: Failed to convert nodes %,http://www.cise.ufl.edu/research/sparse/matrices/Pajek/USAir97 to type <class 'int'>."
inf-power,https://nrvis.com/download/data/inf/inf-power.zip,https://networkrepository.com/inf-power.php,True,4900.0,6600.0,0.000540303,19.0,1.0,2.0,0.00345699,2000.0,0.0,21.0,0.0801036,0.103153,6.0,6.0,18.989185424445708
ia-email-EU,https://nrvis.com/download/data/ia/ia-email-EU.zip,https://networkrepository.com/ia-email-EU.php,True,32400.0,54400.0,0.000103449,623.0,1.0,3.0,-0.381627,147000.0,4.0,1600.0,0.112681,0.0267784,23.0,11.0,4.08298660323399
ia-email-univ,https://nrvis.com/download/data/ia/ia-email-univ.zip,https://networkrepository.com/ia-email-univ.php,True,1100.0,5500.0,0.00850021,71.0,1.0,9.0,0.078201,16000.0,14.0,261.0,0.220176,0.16625,12.0,12.0,3.606032017315423
ia-escorts-dynamic,https://nrvis.com/download/data/ia/ia-escorts-dynamic.zip,https://networkrepository.com/ia-escorts-dynamic.php,True,10100.0,50600.0,0.000991352,616.0,1.0,10.0,-0.0625723,23400.0,2.0,2800.0,0.0117455,0.00790434,42.0,4.0,Error: Connectivity is undefined for the null graph.
ia-fb-messages,https://nrvis.com/download/data/ia/ia-fb-messages.zip,https://networkrepository.com/ia-fb-messages.php,True,1300.0,6500.0,0.00805625,112.0,1.0,10.0,-0.084408,7500.0,5.0,242.0,0.06835,0.043903,12.0,5.0,3.3103085251859206
ia-infect-hyper,https://nrvis.com/download/data/ia/ia-infect-hyper.zip,https://networkrepository.com/ia-infect-hyper.php,True,113.0,2200.0,0.347029,98.0,1.0,38.0,-0.12258,50600.0,447.0,1700.0,0.534756,0.495205,29.0,15.0,1.6562895069532237
ia-infect-dublin,https://nrvis.com/download/data/ia/ia-infect-dublin.zip,https://networkrepository.com/ia-infect-dublin.php,True,410.0,2800.0,0.0329775,50.0,1.0,13.0,0.225752,21300.0,52.0,280.0,0.455824,0.435693,18.0,9.0,3.630854553044308
ia-enron-large,https://nrvis.com/download/data/ia/ia-enron-large.zip,https://networkrepository.com/ia-enron-large.php,True,33700.0,180800.0,0.000318501,1400.0,1.0,10.0,-0.116499,2200000.0,64.0,17700.0,0.50919,0.0851297,44.0,17.0,4.025163988178407
ia-frwikinews-user-edits,https://nrvis.com/download/data/ia/ia-frwikinews-user-edits.zip,https://networkrepository.com/ia-frwikinews-user-edits.php,True,25000.0,193600.0,0.000617507,32600.0,1.0,15.0,-0.254438,3200000.0,127.0,316000.0,0.296613,0.00195653,18.0,27.0,Error: Connectivity is undefined for the null graph.
ia-radoslaw-email,https://nrvis.com/download/data/ia/ia-radoslaw-email.zip,https://networkrepository.com/ia-radoslaw-email.php,True,167.0,82900.0,5.97908,9100.0,1.0,992.0,0.154877,153200000.0,917.4,8300000.000000001,4.50961,0.67962,2.0,143.0,Error: Connectivity is undefined for the null graph.
ia-reality,https://nrvis.com/download/data/ia/ia-reality.zip,https://networkrepository.com/ia-reality.php,True,6800.0,7700.0,0.000331351,261.0,1.0,2.0,-0.675344,1200.0,0.0,52.0,0.0177709,0.00240715,6.0,5.0,4.213623610073003
SFHH-conf-sensor,https://nrvis.com/download/data/proximity/SFHH-conf-sensor.zip,https://networkrepository.com/SFHH-conf-sensor.php,True,403.0,70300.0,0.867388,2400.0,2.0,348.0,0.412619,26100000.0,64.7,1100000.0,1.11415,0.491221,1.0,11.0,Error: Connectivity is undefined for the null graph.
copresence-InVS13,https://nrvis.com/download/data/proximity/copresence-InVS13.zip,https://networkrepository.com/copresence-InVS13.php,True,95.0,394200.0,88.2972,27500.0,420.0,8.3,0.257098,4.3,45.3,171700000.0,2.00591,0.900673,9.0,106.0,Error: Connectivity is undefined for the null graph.
copresence-InVS15,https://nrvis.com/download/data/proximity/copresence-InVS15.zip,https://networkrepository.com/copresence-InVS15.php,True,219.0,1300000.0,53.7554,39900.0,1.0,11.7,2.78976,18.3,83.7,392400000.0,1.5979,0.880948,16.0,66.0,Error: Connectivity is undefined for the null graph.
hospital-ward-proximity,https://nrvis.com/download/data/proximity/hospital-ward-proximity.zip,https://networkrepository.com/hospital-ward-proximity.php,True,75.0,32400.0,11.6843,4300.0,12.0,864.0,0.0862321,47000000.0,626.5,3800000.0,3.64924,0.7538,1.0,72.0,Error: Connectivity is undefined for the null graph.
infect-dublin,https://nrvis.com/download/data/proximity/infect-dublin.zip,https://networkrepository.com/infect-dublin.php,True,410.0,2800.0,0.0329775,50.0,1.0,13.0,0.225752,21300.0,52.0,280.0,0.455824,0.435693,18.0,9.0,3.630854553044308
infect-hyper,https://nrvis.com/download/data/proximity/infect-hyper.zip,https://networkrepository.com/infect-hyper.php,True,113.0,2200.0,0.347029,98.0,1.0,38.0,-0.12258,50600.0,447.0,1700.0,0.534756,0.495205,29.0,15.0,1.6562895069532237
primary-school-proximity,https://nrvis.com/download/data/proximity/primary-school-proximity.zip,https://networkrepository.com/primary-school-proximity.php,True,242.0,125800.0,4.31306,2600.0,130.0,1.0,0.353984,122600000.0,506.7,1900000.0,1.03812,0.752097,867.0,25.0,Error: Connectivity is undefined for the null graph.
eco-everglades,https://nrvis.com/download/data/eco/eco-everglades.zip,https://networkrepository.com/eco-everglades.php,True,69.0,911.0,0.388321,81.0,5.0,26.0,-0.272358,14600.0,211.0,882.0,0.584242,0.475742,21.0,9.0,Error: Connectivity is undefined for the null graph.
eco-florida,https://nrvis.com/download/data/eco/eco-florida.zip,https://networkrepository.com/eco-florida.php,True,128.0,2100.0,0.259104,110.0,2.0,32.0,-0.121845,26400.0,206.0,1700.0,0.344468,0.314011,24.0,8.0,Error: Connectivity is undefined for the null graph.
eco-foodweb-baydry,https://nrvis.com/download/data/eco/eco-foodweb-baydry.zip,https://networkrepository.com/eco-foodweb-baydry.php,True,128.0,2100.0,0.262918,110.0,2.0,33.0,-0.115122,27300.0,213.0,1800.0,0.344024,0.316338,25.0,8.0,Error: Connectivity is undefined for the null graph.
eco-foodweb-baywet,https://nrvis.com/download/data/eco/eco-foodweb-baywet.zip,https://networkrepository.com/eco-foodweb-baywet.php,True,128.0,2100.0,0.259104,110.0,2.0,32.0,-0.121845,26400.0,206.0,1700.0,0.344468,0.314011,24.0,8.0,Error: Connectivity is undefined for the null graph.
eco-mangwet,https://nrvis.com/download/data/eco/eco-mangwet.zip,https://networkrepository.com/eco-mangwet.php,True,97.0,1500.0,0.320447,103.0,5.0,30.0,-0.157317,25100.0,259.0,1400.0,0.499065,0.430626,24.0,10.0,Error: Connectivity is undefined for the null graph.
eco-stmarks,https://nrvis.com/download/data/eco/eco-stmarks.zip,https://networkrepository.com/eco-stmarks.php,True,54.0,353.0,0.246681,48.0,4.0,13.0,-0.227075,2000.0,36.0,216.0,0.413868,0.334174,11.0,6.0,Error: Connectivity is undefined for the null graph.
wing_nodal,https://nrvis.com/download/data/dimacs10/wing_nodal.zip,https://networkrepository.com/wing-nodal.php,True,10900.0,75500.0,0.00126227,28.0,5.0,13.0,0.22326,401500.0,36.0,81.0,0.421302,0.397041,9.0,6.0,11.542593716396206
fe_sphere,https://nrvis.com/download/data/dimacs10/fe_sphere.zip,https://networkrepository.com/fe-sphere.php,True,16400.0,49200.0,0.000366144,6.0,4.0,5.0,-0.0002442,98300.0,5.0,6.0,0.400098,0.400039,6.0,3.0,56.3602477773307
delaunay_n14,https://nrvis.com/download/data/dimacs10/delaunay_n14.zip,https://networkrepository.com/delaunay-n14.php,True,16400.0,49100.0,0.00036601,16.0,3.0,5.0,-0.124571,98800.0,6.0,15.0,0.433811,0.379391,5.0,4.0,32.953365556676985
fe-4elt2,https://nrvis.com/download/data/dimacs10/fe-4elt2.zip,https://networkrepository.com/fe-4elt2.php,True,11100.0,32800.0,0.00052866,12.0,3.0,5.0,-0.0731915,65000.0,5.0,12.0,0.416076,0.394422,5.0,4.0,53.71431126753455
delaunay_n13,https://nrvis.com/download/data/dimacs10/delaunay_n13.zip,https://networkrepository.com/delaunay-n13.php,True,8200.0,24500.0,0.000731647,12.0,3.0,5.0,-0.12776,49300.0,6.0,12.0,0.4335,0.379588,5.0,4.0,24.851146855876497
delaunay_n12,https://nrvis.com/download/data/dimacs10/delaunay_n12.zip,https://networkrepository.com/delaunay-n12.php,True,4100.0,12300.0,0.00146234,14.0,3.0,5.0,-0.107217,24600.0,6.0,13.0,0.434865,0.379113,5.0,4.0,18.281963880303724
delaunay_n11,https://nrvis.com/download/data/dimacs10/delaunay_n11.zip,https://networkrepository.com/delaunay-n11.php,True,2000.0,6100.0,0.00292301,13.0,3.0,5.0,-0.101418,12300.0,6.0,12.0,0.436544,0.378586,5.0,4.0,13.345154971452125
bio-celegansneural,https://nrvis.com/download/data/dimacs10/bio-celegansneural.zip,https://networkrepository.com/bio-celegansneural.php,True,297.0,2300.0,0.0533488,134.0,1.0,15.0,-0.15201,12600.0,42.0,427.0,0.311483,0.198895,12.0,8.0,Error: Connectivity is undefined for the null graph.
delaunay_n10,https://nrvis.com/download/data/dimacs10/delaunay_n10.zip,https://networkrepository.com/delaunay-n10.php,True,1000.0,3100.0,0.00583456,12.0,3.0,5.0,-0.115349,6100.0,5.0,12.0,0.435625,0.381761,5.0,4.0,10.31553564882698
insecta-ant-colony1-day01,https://nrvis.com/download/data/asn/insecta-ant-colony1-day01.zip,https://networkrepository.com/insecta-ant-colony1-day01.php,True,113.0,4600.0,0.719027,109.0,42.0,80.0,-0.0300605,292400.0,2.6,4300.0,0.798847,0.785726,61.0,31.0,Error: Connectivity is undefined for the null graph.
insecta-ant-colony1-day02,https://nrvis.com/download/data/asn/insecta-ant-colony1-day02.zip,https://networkrepository.com/insecta-ant-colony1-day02.php,True,113.0,4600.0,0.722661,106.0,27.0,80.0,0.0198031,301200.0,2.7,4100.0,0.809711,0.797316,61.0,28.0,Error: Connectivity is undefined for the null graph.
insecta-ant-colony1-day03,https://nrvis.com/download/data/asn/insecta-ant-colony1-day03.zip,https://networkrepository.com/insecta-ant-colony1-day03.php,True,113.0,4500.0,0.708439,104.0,27.0,79.0,0.0716736,292200.0,2.6,3900.0,0.813039,0.798996,62.0,30.0,Error: Connectivity is undefined for the null graph.
insecta-ant-colony1-day04,https://nrvis.com/download/data/asn/insecta-ant-colony1-day04.zip,https://networkrepository.com/insecta-ant-colony1-day04.php,True,113.0,4100.0,0.646966,101.0,27.0,72.0,0.0697851,229500.0,2.0,3500.0,0.771435,0.752609,53.0,25.0,Error: Connectivity is undefined for the null graph.
insecta-ant-colony1-day05,https://nrvis.com/download/data/asn/insecta-ant-colony1-day05.zip,https://networkrepository.com/insecta-ant-colony1-day05.php,True,113.0,4100.0,0.655657,101.0,27.0,73.0,0.0492658,236200.0,2.1,3400.0,0.77097,0.754118,56.0,27.0,Error: Connectivity is undefined for the null graph.
insecta-ant-colony1-day06,https://nrvis.com/download/data/asn/insecta-ant-colony1-day06.zip,https://networkrepository.com/insecta-ant-colony1-day06.php,True,113.0,4300.0,0.67304,100.0,23.0,75.0,0.0605538,257399.99999999997,2.3,3700.0,0.789484,0.774229,56.0,28.0,Error: Connectivity is undefined for the null graph.
insecta-ant-colony1-day07,https://nrvis.com/download/data/asn/insecta-ant-colony1-day07.zip,https://networkrepository.com/insecta-ant-colony1-day07.php,True,113.0,4100.0,0.644279,101.0,26.0,72.0,0.0488406,226100.0,2.0,3500.0,0.764536,0.74608,52.0,25.0,Error: Connectivity is undefined for the null graph.
insecta-ant-colony1-day08,https://nrvis.com/download/data/asn/insecta-ant-colony1-day08.zip,https://networkrepository.com/insecta-ant-colony1-day08.php,True,113.0,4100.0,0.644121,99.0,26.0,72.0,0.0984601,227000.0,2.0,3400.0,0.759407,0.747092,53.0,29.0,Error: Connectivity is undefined for the null graph.
insecta-ant-colony1-day09,https://nrvis.com/download/data/asn/insecta-ant-colony1-day09.zip,https://networkrepository.com/insecta-ant-colony1-day09.php,True,113.0,4100.0,0.652339,105.0,27.0,73.0,0.0491661,235600.0,2.1,3700.0,0.77139,0.755794,52.0,31.0,Error: Connectivity is undefined for the null graph.
insecta-ant-colony1-day10,https://nrvis.com/download/data/asn/insecta-ant-colony1-day10.zip,https://networkrepository.com/insecta-ant-colony1-day10.php,True,113.0,3900.0,0.623104,93.0,27.0,69.0,0.0823294,209500.0,1.9,3000.0,0.751025,0.736105,51.0,23.0,Error: Connectivity is undefined for the null graph.
insecta-ant-colony1-day11,https://nrvis.com/download/data/asn/insecta-ant-colony1-day11.zip,https://networkrepository.com/insecta-ant-colony1-day11.php,True,113.0,3500.0,0.545828,90.0,24.0,61.0,0.101344,150400.0,1.3,2500.0,0.693292,0.681601,42.0,23.0,Error: Connectivity is undefined for the null graph.
insecta-ant-colony1-day12,https://nrvis.com/download/data/asn/insecta-ant-colony1-day12.zip,https://networkrepository.com/insecta-ant-colony1-day12.php,True,99.0,3200.0,0.669553,92.0,22.0,65.0,0.0246981,166300.0,1.7,2900.0,0.772937,0.755794,51.0,24.0,Error: Connectivity is undefined for the null graph.
insecta-ant-colony2-day01,https://nrvis.com/download/data/asn/insecta-ant-colony2-day01.zip,https://networkrepository.com/insecta-ant-colony2-day01.php,True,131.0,6600.0,0.774046,128.0,25.0,100.0,0.0216288,559300.0,4.3,6400.0,0.832517,0.827965,80.0,43.0,Error: Connectivity is undefined for the null graph.
insecta-ant-colony2-day02,https://nrvis.com/download/data/asn/insecta-ant-colony2-day02.zip,https://networkrepository.com/insecta-ant-colony2-day02.php,True,131.0,6500.0,0.759131,128.0,20.0,98.0,0.0288433,536400.0,4.1,6300.0,0.827621,0.821802,78.0,39.0,Error: Connectivity is undefined for the null graph.
insecta-ant-colony2-day03,https://nrvis.com/download/data/asn/insecta-ant-colony2-day03.zip,https://networkrepository.com/insecta-ant-colony2-day03.php,True,131.0,6500.0,0.763006,124.0,37.0,99.0,0.0154757,536500.0,4.1,6100.0,0.820681,0.81692,81.0,34.0,Error: Connectivity is undefined for the null graph.
insecta-ant-colony2-day04,https://nrvis.com/download/data/asn/insecta-ant-colony2-day04.zip,https://networkrepository.com/insecta-ant-colony2-day04.php,True,131.0,6200.0,0.727892,125.0,19.0,94.0,0.0361687,481300.0,3.7,5800.0,0.805614,0.799058,75.0,32.0,Error: Connectivity is undefined for the null graph.
insecta-ant-colony2-day05,https://nrvis.com/download/data/asn/insecta-ant-colony2-day05.zip,https://networkrepository.com/insecta-ant-colony2-day05.php,True,131.0,5900.0,0.695948,123.0,18.0,90.0,0.0222095,428100.0,3.3,5500.0,0.780789,0.773072,70.0,30.0,Error: Connectivity is undefined for the null graph.
insecta-ant-colony2-day06,https://nrvis.com/download/data/asn/insecta-ant-colony2-day06.zip,https://networkrepository.com/insecta-ant-colony2-day06.php,True,131.0,6000.0,0.699941,127.0,18.0,90.0,-0.00128825,435400.0,3.3,5700.0,0.78572,0.776963,71.0,31.0,Error: Connectivity is undefined for the null graph.
insecta-ant-colony2-day07,https://nrvis.com/download/data/asn/insecta-ant-colony2-day07.zip,https://networkrepository.com/insecta-ant-colony2-day07.php,True,131.0,6300.0,0.739049,129.0,10.0,96.0,-0.00931632,509000.0,3.9,6200.0,0.822165,0.813891,77.0,36.0,Error: Connectivity is undefined for the null graph.
insecta-ant-colony2-day08,https://nrvis.com/download/data/asn/insecta-ant-colony2-day08.zip,https://networkrepository.com/insecta-ant-colony2-day08.php,True,131.0,6100.0,0.713799,127.0,21.0,92.0,0.0239343,465400.0,3.6,5800.0,0.80446,0.796199,72.0,37.0,Error: Connectivity is undefined for the null graph.
insecta-ant-colony3-day01,https://nrvis.com/download/data/asn/insecta-ant-colony3-day01.zip,https://networkrepository.com/insecta-ant-colony3-day01.php,True,160.0,11100.0,0.875708,159.0,57.0,139.0,-0.0349647,1400000.0,8.7,11000.0,0.896995,0.895455,114.0,60.0,Error: Connectivity is undefined for the null graph.
insecta-ant-colony3-day02,https://nrvis.com/download/data/asn/insecta-ant-colony3-day02.zip,https://networkrepository.com/insecta-ant-colony3-day02.php,True,160.0,9800.0,0.773899,153.0,31.0,123.0,-0.0253771,1000000.0,6.3,9100.0,0.824947,0.819776,95.0,42.0,Error: Connectivity is undefined for the null graph.
insecta-ant-colony3-day03,https://nrvis.com/download/data/asn/insecta-ant-colony3-day03.zip,https://networkrepository.com/insecta-ant-colony3-day03.php,True,160.0,9200.0,0.722563,151.0,23.0,114.0,0.0210702,863500.0,5.4,8600.0,0.803198,0.794626,89.0,39.0,Error: Connectivity is undefined for the null graph.
insecta-ant-colony3-day04,https://nrvis.com/download/data/asn/insecta-ant-colony3-day04.zip,https://networkrepository.com/insecta-ant-colony3-day04.php,True,160.0,9100.0,0.71478,148.0,32.0,113.0,0.00549731,822900.0,5.1,8100.0,0.7858,0.778371,85.0,32.0,Error: Connectivity is undefined for the null graph.
insecta-ant-colony3-day05,https://nrvis.com/download/data/asn/insecta-ant-colony3-day05.zip,https://networkrepository.com/insecta-ant-colony3-day05.php,True,160.0,8900.0,0.696777,152.0,18.0,110.0,0.0175981,776900.0,4.9,8300.0,0.779082,0.769439,85.0,31.0,Error: Connectivity is undefined for the null graph.
insecta-ant-colony3-day06,https://nrvis.com/download/data/asn/insecta-ant-colony3-day06.zip,https://networkrepository.com/insecta-ant-colony3-day06.php,True,160.0,8800.0,0.693632,152.0,12.0,110.0,0.00528153,770200.0,4.8,8300.0,0.779182,0.768414,85.0,31.0,Error: Connectivity is undefined for the null graph.
insecta-ant-colony3-day07,https://nrvis.com/download/data/asn/insecta-ant-colony3-day07.zip,https://networkrepository.com/insecta-ant-colony3-day07.php,True,160.0,8700.0,0.683176,151.0,13.0,108.0,-0.00759594,744100.0,4.7,8000.0,0.774716,0.762485,81.0,36.0,Error: Connectivity is undefined for the null graph.
insecta-ant-colony3-day09,https://nrvis.com/download/data/asn/insecta-ant-colony3-day09.zip,https://networkrepository.com/insecta-ant-colony3-day09.php,True,160.0,8900.0,0.698349,146.0,4.0,111.0,0.00108316,784900.0,4.9,7800.0,0.783902,0.772848,82.0,30.0,Error: Connectivity is undefined for the null graph.
insecta-ant-colony3-day10,https://nrvis.com/download/data/asn/insecta-ant-colony3-day10.zip,https://networkrepository.com/insecta-ant-colony3-day10.php,True,159.0,9000.0,0.720166,153.0,18.0,113.0,-0.0208421,815200.0,5.1,8500.0,0.786907,0.778271,85.0,34.0,Error: Connectivity is undefined for the null graph.
insecta-ant-colony3-day11,https://nrvis.com/download/data/asn/insecta-ant-colony3-day11.zip,https://networkrepository.com/insecta-ant-colony3-day11.php,True,160.0,8500.0,0.664387,144.0,4.0,105.0,0.010596,688200.0,4.3,7200.0,0.759666,0.748218,79.0,28.0,Error: Connectivity is undefined for the null graph.
insecta-ant-colony5-day01,https://nrvis.com/download/data/asn/insecta-ant-colony5-day01.zip,https://networkrepository.com/insecta-ant-colony5-day01.php,True,152.0,9100.0,0.788864,150.0,47.0,119.0,-0.0132327,896700.0,5.9,8800.0,0.826809,0.823528,93.0,45.0,Error: Connectivity is undefined for the null graph.
insecta-ant-colony5-day02,https://nrvis.com/download/data/asn/insecta-ant-colony5-day02.zip,https://networkrepository.com/insecta-ant-colony5-day02.php,True,152.0,9100.0,0.796532,151.0,27.0,120.0,-0.00480611,928500.0,6.1,9000.0,0.83811,0.834365,96.0,43.0,Error: Connectivity is undefined for the null graph.
insecta-ant-colony5-day11,https://nrvis.com/download/data/asn/insecta-ant-colony5-day11.zip,https://networkrepository.com/insecta-ant-colony5-day11.php,True,152.0,6700.0,0.585221,127.0,32.0,88.0,0.0833743,422800.0,2.8,5300.0,0.697042,0.685521,65.0,28.0,Error: Connectivity is undefined for the null graph.
insecta-ant-colony6-day01,https://nrvis.com/download/data/asn/insecta-ant-colony6-day01.zip,https://networkrepository.com/insecta-ant-colony6-day01.php,True,164.0,10700.0,0.802858,160.0,41.0,130.0,-0.0186591,1200000.0,7.4,10400.0,0.853606,0.847561,101.0,56.0,Error: Connectivity is undefined for the null graph.
insecta-ant-colony6-day02,https://nrvis.com/download/data/asn/insecta-ant-colony6-day02.zip,https://networkrepository.com/insecta-ant-colony6-day02.php,True,164.0,10300.0,0.768517,157.0,43.0,125.0,0.00338481,1100000.0,6.6,9700.0,0.829683,0.822572,98.0,41.0,Error: Connectivity is undefined for the null graph.
insecta-ant-colony6-day03,https://nrvis.com/download/data/asn/insecta-ant-colony6-day03.zip,https://networkrepository.com/insecta-ant-colony6-day03.php,True,164.0,10100.0,0.7549,158.0,20.0,123.0,0.0583547,1100000.0,6.5,9600.0,0.837609,0.831191,98.0,48.0,Error: Connectivity is undefined for the null graph.
insecta-ant-colony6-day04,https://nrvis.com/download/data/asn/insecta-ant-colony6-day04.zip,https://networkrepository.com/insecta-ant-colony6-day04.php,True,164.0,10300.0,0.771585,158.0,13.0,125.0,-0.0079151,1100000.0,6.7,9800.0,0.838722,0.830602,97.0,47.0,Error: Connectivity is undefined for the null graph.
insecta-ant-colony6-day05,https://nrvis.com/download/data/asn/insecta-ant-colony6-day05.zip,https://networkrepository.com/insecta-ant-colony6-day05.php,True,164.0,10000.0,0.748541,159.0,12.0,122.0,0.0217459,1000000.0,6.2,9600.0,0.825901,0.81741,95.0,43.0,Error: Connectivity is undefined for the null graph.
insecta-ant-colony6-day06,https://nrvis.com/download/data/asn/insecta-ant-colony6-day06.zip,https://networkrepository.com/insecta-ant-colony6-day06.php,True,164.0,9700.0,0.727667,156.0,8.0,118.0,0.0248901,954800.0,5.8,9100.0,0.810696,0.802817,90.0,37.0,Error: Connectivity is undefined for the null graph.
insecta-ant-colony6-day07,https://nrvis.com/download/data/asn/insecta-ant-colony6-day07.zip,https://networkrepository.com/insecta-ant-colony6-day07.php,True,164.0,9900.0,0.737693,156.0,7.0,120.0,-0.0047577,981100.0,6.0,9100.0,0.815779,0.805638,93.0,41.0,Error: Connectivity is undefined for the null graph.
insecta-ant-colony6-day08,https://nrvis.com/download/data/asn/insecta-ant-colony6-day08.zip,https://networkrepository.com/insecta-ant-colony6-day08.php,True,164.0,9700.0,0.723029,154.0,7.0,117.0,0.057585,953200.0,5.8,9100.0,0.815829,0.807152,93.0,43.0,Error: Connectivity is undefined for the null graph.
insecta-ant-colony6-day09,https://nrvis.com/download/data/asn/insecta-ant-colony6-day09.zip,https://networkrepository.com/insecta-ant-colony6-day09.php,True,164.0,10800.0,0.806075,158.0,9.0,131.0,0.023042,1300000.0,7.7,10200.0,0.869406,0.865409,108.0,50.0,Error: Connectivity is undefined for the null graph.
insecta-ant-colony6-day10,https://nrvis.com/download/data/asn/insecta-ant-colony6-day10.zip,https://networkrepository.com/insecta-ant-colony6-day10.php,True,164.0,9400.0,0.699835,151.0,6.0,114.0,0.0296534,882600.0,5.4,8500.0,0.80995,0.795921,86.0,39.0,Error: Connectivity is undefined for the null graph.
